﻿<?xml version="1.0"?>
<doc>
<assembly>
<name>
DataEntry
</name>
</assembly>
<members>
<member name="P:DataEntry.My.Resources.Resources.ResourceManager">
	<summary>
  Returns the cached ResourceManager instance used by this class.
</summary>
</member><member name="P:DataEntry.My.Resources.Resources.Culture">
	<summary>
  Overrides the current thread's CurrentUICulture property for all
  resource lookups using this strongly typed resource class.
</summary>
</member><member name="T:DataEntry.My.Resources.Resources">
	<summary>
  A strongly-typed resource class, for looking up localized strings, etc.
</summary>
</member><member name="T:DataEntry.Data.RelationsDataTable">
	<summary>
Represents the strongly named DataTable class.
</summary>
</member><member name="T:DataEntry.Data.FamilyLeaderDataTable">
	<summary>
Represents the strongly named DataTable class.
</summary>
</member><member name="T:DataEntry.Data.AddressDataTable">
	<summary>
Represents the strongly named DataTable class.
</summary>
</member><member name="T:DataEntry.Data.MiscDataTable">
	<summary>
Represents the strongly named DataTable class.
</summary>
</member><member name="T:DataEntry.Data.RelationsRow">
	<summary>
Represents strongly named DataRow class.
</summary>
</member><member name="T:DataEntry.Data.FamilyLeaderRow">
	<summary>
Represents strongly named DataRow class.
</summary>
</member><member name="T:DataEntry.Data.AddressRow">
	<summary>
Represents strongly named DataRow class.
</summary>
</member><member name="T:DataEntry.Data.MiscRow">
	<summary>
Represents strongly named DataRow class.
</summary>
</member><member name="T:DataEntry.Data.RelationsRowChangeEvent">
	<summary>
Row event argument class
</summary>
</member><member name="T:DataEntry.Data.FamilyLeaderRowChangeEvent">
	<summary>
Row event argument class
</summary>
</member><member name="T:DataEntry.Data.AddressRowChangeEvent">
	<summary>
Row event argument class
</summary>
</member><member name="T:DataEntry.Data.MiscRowChangeEvent">
	<summary>
Row event argument class
</summary>
</member><member name="T:DataEntry.Data">
	<summary>
Represents a strongly typed in-memory cache of data.
</summary>
</member>
</members>
</doc>